{"accuracy": 0.6360544217687075, "spearman": 0.4673959399881929}