{"accuracy": 0.6054421768707483, "spearman": 0.3893768282030252}