{"accuracy": 0.6836734693877551, "spearman": 0.6062423136260214}