{"accuracy": 0.5476190476190477, "spearman": 0.5809505679323613}