{"accuracy": 0.7142857142857143, "spearman": 0.507488887797628}