{"accuracy": 0.7108843537414966, "spearman": 0.4934617488353421}