{"accuracy": 0.7295918367346939, "spearman": 0.5124590139763266}