{"accuracy": 0.576530612244898, "spearman": 0.6168662767618583}