{"accuracy": 0.5816326530612245, "spearman": 0.40410631860967716}