{"accuracy": 0.7074829931972789, "spearman": 0.47792729606676804}