{"accuracy": 0.6479591836734694, "spearman": 0.31508308957374087}