{"accuracy": 0.7517006802721088, "spearman": 0.5518309094830965}