{"accuracy": 0.6258503401360545, "spearman": 0.48629300429948846}