{"accuracy": 0.7346938775510204, "spearman": 0.4930061215791221}