{"accuracy": 0.7261904761904762, "spearman": 0.655036943050614}