{"accuracy": 0.6904761904761905, "spearman": 0.4256846968440348}