{"accuracy": 0.5680272108843537, "spearman": 0.6031249998091451}