{"accuracy": 0.5959595959595959, "spearman": 0.40517248423712526}