{"accuracy": 0.7023809523809523, "spearman": 0.5964809802232212}