{"accuracy": 0.7373737373737373, "spearman": 0.6989386799727799}