{"accuracy": 0.7023809523809523, "spearman": 0.6198785970203151}