{"accuracy": 0.6292517006802721, "spearman": 0.5177672856451746}