{"accuracy": 0.826530612244898, "spearman": 0.6512310479812241}