{"accuracy": 0.7373737373737373, "spearman": 0.7032649628484955}