{"accuracy": 0.5629251700680272, "spearman": 0.4557356148882942}