{"accuracy": 0.696969696969697, "spearman": 0.6529396484772456}