{"accuracy": 0.7006802721088435, "spearman": 0.4530689751193235}