{"accuracy": 0.7074829931972789, "spearman": 0.6848530869969193}