{"accuracy": 0.6360544217687075, "spearman": 0.7049880196268992}