{"accuracy": 0.7653061224489796, "spearman": 0.7124177672964483}