{"accuracy": 0.6717687074829932, "spearman": 0.37265048792920324}