{"accuracy": 0.7210884353741497, "spearman": 0.5653370548068162}