{"accuracy": 0.6581632653061225, "spearman": 0.5341352167758447}