{"accuracy": 0.6802721088435374, "spearman": 0.5411677170572053}