{"accuracy": 0.7346938775510204, "spearman": 0.553467411618276}