{"accuracy": 0.6700680272108843, "spearman": 0.5288611239625444}