{"accuracy": 0.6479591836734694, "spearman": 0.327855486633482}