{"accuracy": 0.7023809523809523, "spearman": 0.43227680554285947}