{"accuracy": 0.6275510204081632, "spearman": 0.41489872936938266}