{"accuracy": 0.8163265306122449, "spearman": 0.726248416441722}