{"accuracy": 0.6309523809523809, "spearman": 0.21327403858869737}