{"accuracy": 0.8214285714285714, "spearman": 0.7071328367889339}